mbse for RandomForest,mbse for xgboost,mbse for SVM,mbse for RPart,Algorithm
80090995437001.34,109752402264912.77,109752402264912.77,0.0,BSqi
81648994548571.66,110267047839213.48,110267047839213.48,0.0,BSrr
80159406956324.06,106180746136383.78,106180746136383.78,0.0,CMA-CSA
82619945630041.8,109663553821071.38,109663553821071.38,0.0,fmincon
81451589951344.9,109728268897283.77,109728268897283.77,0.0,fminunc
39381.8877929645,35103.46494341659,35103.46494341659,0.0,HCMA
87952856364826.97,105213900646053.98,105213900646053.98,0.0,HMLSL
80088698955442.17,110446386961514.88,110446386961514.88,0.0,IPOP400D
81930523969915.05,109704594902694.61,109704594902694.61,0.0,MCS
83485319099928.9,109727141641337.84,109727141641337.84,0.0,MLSL
87264073135347.4,106411594441269.17,106411594441269.17,0.0,OQNLP
80865267844884.73,110645443915075.98,110645443915075.98,0.0,SMAC-BBOB
