mbse for RandomForest,mbse for xgboost,mbse for SVM,mbse for RPart,Algorithm
75507264873491.73,109752415146546.39,109750136418593.7,177124826572429.0,BSqi
75347902236728.48,110267060328896.52,110260249647976.4,214868379296344.97,BSrr
71348675379847.67,106180752564325.38,106180738884658.3,152073181590886.3,CMA-CSA
73267204161077.38,109663564685521.1,109663564496994.44,190839022682908.12,fmincon
75947617310248.02,109728281385367.89,109728259697797.73,136532995503430.3,fminunc
37749.909729635816,35419.34096333919,35114.02041044569,35482.21183102264,HCMA
77026226457521.86,105213910344039.27,105213910616365.77,152420883305040.8,HMLSL
73643955111716.53,110446401319194.66,110446342657379.12,158019720148836.3,IPOP400D
75199374704263.94,109704608988424.39,109704532532533.0,152001024471948.8,MCS
76856199027188.95,109727154258339.48,109727152742384.52,152021408902467.03,MLSL
77393251891087.17,106411609152104.55,106411595667854.4,108805277885930.05,OQNLP
72273651760970.52,110645456715075.39,109697960642206.7,159542551644758.25,SMAC-BBOB
